target_metric,correlated_with,correlation,abs_correlation,correlation_type,strength
std_S,best_pair_score,-0.9326656807418373,0.9326656807418373,negative,very_strong
std_S,E(t),0.8979754580334498,0.8979754580334498,positive,strong
std_S,An_mean(t),0.8979133207202844,0.8979133207202844,positive,strong
std_S,mean_high_effort,0.8926594553226083,0.8926594553226083,positive,strong
std_S,decorrelation_time,-0.7992602811078889,0.7992602811078889,negative,strong
std_S,tau_S,-0.7992602811078889,0.7992602811078889,negative,strong
std_S,On_mean(t),0.7937006500449177,0.7937006500449177,positive,strong
std_S,autocorr_tau,-0.7771164836456508,0.7771164836456508,negative,strong
std_S,variance_d2S,0.7686977938630012,0.7686977938630012,positive,strong
std_S,tau_gamma,-0.6447853890895832,0.6447853890895832,negative,moderate
std_S,tau_C,-0.6010853672284674,0.6010853672284674,negative,moderate
std_S,continuous_resilience,-0.5634120893385335,0.5634120893385335,negative,moderate
std_S,C(t),0.5331126221976087,0.5331126221976087,positive,moderate
std_S,best_pair_gamma,0.5113400825370175,0.5113400825370175,positive,moderate
std_S,max_median_ratio,-0.4884081707683984,0.4884081707683984,negative,weak
std_S,entropy_S,0.4815804495983693,0.4815804495983693,positive,weak
std_S,fn_mean(t),0.4381094357878279,0.4381094357878279,positive,weak
std_S,tau_f_mean,-0.40435689213566633,0.40435689213566633,negative,weak
std_S,gamma,0.34361847383863525,0.34361847383863525,positive,weak
std_S,gamma_mean(t),0.3340977701251207,0.3340977701251207,positive,weak
